t,m,d,a,psi,dlnA,dlnR,dg,dlnr_star,s_L_star,dlnw_common,dlnYL_star,ell_N_tilde,l_C_star,l_N_star,dln_tfp,l_C,l_N,U_C,U_N,G_C,B_N,q_C,q_N,N_C,x_C,dlnw_C_clear,l_C_demand,E,Z,D_C,v_C,v_N,S_C,S_N,H_C,H_N,f_C,f_N,dlnY,dlnw_C_paid,dlnw_C_mpl,dlnw_N,dlnw_avg,dlnr,dlnK,s_L,u_excess,u_rate,u_rate_C,u_rate_N,reallocation,overhang,cog_shift
2024.0,0.10571776043945279,0.058609543699050345,0.3,0.5,0.0,0.0024503732994429345,4.097141122626591e-05,0.0011792470710634004,0.5990931940577691,0.0009400527615078163,0.002452539229771092,0.001982512849017184,0.5995701900136999,0.36242980998630003,0.0010359439527608948,0.6002879999999999,0.361712,0.017407693275154762,0.020592306724845237,0.0012303438003973266,0.002038512407103843,0.00634508755984054,0.014031313412977134,0.6002879999999999,-0.00013455094598587703,-0.001457262129671978,0.5987161981108997,0.0015718018891002217,0.0,0.0,0.003394087415995117,0.008110231520568686,0.02090838541837845,0.023551614581621548,0.0023894413087976437,0.005133920338770389,0.15133908992733197,0.2374137708270134,0.0024503732994429345,0.0008055018155219392,-0.001457262129671978,0.004900746598885869,0.002347281962055273,0.0011786282338243836,0.003535884701473151,0.5990933181057894,0.0,0.038,0.028181665283847857,0.053863653541486464,0.0007390322569297836,0.0007385606192529103,-0.0011964915152616073
2024.0833333333333,0.1067440801012841,0.059683967866605625,0.3,0.5,3.414284268855492e-06,0.0012327459763971458,2.0436278805004957e-05,0.0012134180379916874,0.59906741291637,0.0009693970949050068,0.0025249180966907103,0.002038512407103779,0.5995498935362117,0.3624501064637883,0.0010672318225122938,0.598868561387676,0.3617706259015356,0.018582108738280263,0.02077870397250805,0.0,0.0019339453745765844,0.005269056546861573,0.01374788768694533,0.6000429768508014,-0.00023930828010712248,-0.0010316313790465165,0.5988193172290612,4.92441586147363e-05,0.0,0.0,0.004712759118277108,0.007944084601034799,0.022114488413606633,0.023937662458015693,0.003223441899086264,0.005066323683825027,0.18174145409247017,0.23642601228698634,0.0012327459763971458,0.0007300888147978843,0.0006591574265347406,0.0021379460332102353,0.0012605116072646203,0.0008442260036235894,0.0025326780108707683,0.5991414166444916,0.001360812710788313,0.03936081271078831,0.030094887960020553,0.05431640405526144,8.035566774589054e-05,0.0,-0.0012303438003974001
2024.1666666666667,0.10777829142292474,0.06077681666579396,0.3,0.5,5.117307502605905e-06,0.0014581309535545877,2.412378117880425e-05,0.0012480320456643309,0.5990410364512262,0.0009980373290493858,0.002597588510510415,0.002096011192234419,0.5995290524962581,0.36247094750374187,0.001098274828046679,0.598936530972673,0.36186336765203037,0.01836044159017012,0.020839659785126436,0.0,0.001736657767476446,0.005753955906209814,0.013716959421489726,0.5998892792876883,-0.00031977475325993483,-0.0006749544745478209,0.5989493483196072,0.0,1.2817346934257401e-05,0.0,0.005230590443855827,0.007917248091747792,0.021903183753641614,0.023960934855455356,0.0035245879051675256,0.005053548511348941,0.1967710226558097,0.23826365687362425,0.0014581309535545877,0.0006782625757894511,0.000696722840587293,0.0020743684405195952,0.0012043028386462648,0.0009224727436730973,0.002767418231019292,0.5991062990995144,0.0012001013752965597,0.03920010137529656,0.029743287925004296,0.05445386707464312,8.410844823744656e-05,0.0,-0.0012651055481949088
2024.25,0.10882041486327558,0.061888359137871767,0.3,0.5,7.127622600839593e-06,0.0016927864838431703,2.7952472132361384e-05,0.001283637138826634,0.5990139424405916,0.0010276569627616246,0.0026724381397012715,0.0021550458470200396,0.599507653517368,0.362492346482632,0.001130302707037629,0.5990148644880054,0.3619532510331728,0.018193893111895114,0.020837991366926524,0.0,0.0015489061419624583,0.005993668453828088,0.013774498948899972,0.5998010643247458,-0.0003830148562555568,-0.00041887642842763115,0.5990623372659778,0.0,4.747277797234606e-05,0.0,0.005454388564084956,0.00794131469673436,0.021736351644272622,0.023930953195948693,0.0036493705604262023,0.005064625677445558,0.20387044515087013,0.24017665916043282,0.0016927864838431703,0.0006446421065060678,0.000713008798458358,0.002044950103932297,0.0011723050498098372,0.0010037366657206803,0.003011209997162041,0.5990700566075107,0.0010318844788216389,0.03903188447882164,0.0294776975988554,0.05443695951943,6.898753265427437e-05,0.0,-0.0013007991658882925
2024.3333333333333,0.1098704701146461,0.0630188665187663,0.3,0.5,9.456995278536374e-06,0.0019009272907516994,3.132313948807863e-05,0.0013202584612599824,0.5989861132282428,0.00105828326477233,0.0027495238925645026,0.0022156537625390694,0.5994856829460675,0.3625143170539325,0.0011633419250569278,0.5990739385517758,0.36203215203471095,0.018074992520801574,0.020818916892711536,0.0,0.00139316250368271,0.006106899957828843,0.013834398043816403,0.5997412377974226,-0.00043357043435204905,-0.00022548809910113076,0.5991506779133924,0.0,7.673936161656236e-05,0.0,0.005562283661420786,0.007968321375625066,0.021614208392562534,0.023891665621247803,0.0037075680528285107,0.005076778038132139,0.20765740531051535,0.24165234286733228,0.0019009272907516994,0.0006247128304202811,0.0007352208197795342,0.002022976418851263,0.0011516442542691032,0.0010778022893146045,0.0032334068679438135,0.599034724427594,0.0008939094135131109,0.03889390941351311,0.02928789407345815,0.054378630706287,5.8682292487344245e-05,0.0,-0.0013374475285351487
2024.4166666666667,0.110928476086769,0.06416861218816898,0.3,0.5,1.2067256902542926e-05,0.002091720442659138,3.439073739101765e-05,0.001357908576778755,0.5989575334257782,0.001089902637113944,0.002828858034377739,0.0022778730873694955,0.5994631268483137,0.36253687315168626,0.0011973893874745486,0.599123021994526,0.3621004331769354,0.017980071083003146,0.02079647374553516,0.0,0.0012684447481239314,0.006167299686787913,0.013880604009713948,0.5996953998023744,-0.00047452824208660163,-7.341935470711068e-05,0.5992169613597349,0.0,9.393936520885049e-05,0.0,0.005620250613539647,0.007989064335765881,0.021515471619744125,0.023853085829645695,0.003737671480811693,0.005085722880360524,0.2099659203143685,0.24274270006930884,0.002091720442659138,0.0006153743950273423,0.0007506476213768625,0.0020247776517809024,0.0011465409147458688,0.001147297836291728,0.003441893508875184,0.5989997631276549,0.0007765448285383045,0.038776544828538304,0.029136251761979478,0.05431350676788323,5.1125205301538745e-05,0.0,-0.0013750739852648557
2024.5,0.11199445089078902,0.06533787161527946,0.3,0.5,1.493315168512773e-05,0.0022704169741357065,3.724419547377802e-05,0.0013966038632815983,0.5989281866230517,0.0011225124962910306,0.0029104655604293168,0.0023417427364412374,0.59943997100598,0.36256002899401996,0.001232450138292839,0.5991657222494435,0.362159983332621,0.017899840136636893,0.020774454281298392,0.0,0.0011695603676002975,0.006204119107814972,0.013914744799813559,0.5996578691109257,-0.0005081432205463279,4.9061014849067475e-05,0.5992652164249221,0.0,9.949417547860939e-05,0.0,0.005654963711946508,0.008004212656357722,0.02143149736445762,0.023817427104526664,0.003754905229827148,0.005091914214593845,0.21154919104825193,0.2435742799837422,0.0022704169741357065,0.0006143692757447027,0.0007576412828845574,0.002050416732394178,0.0011556132002432382,0.0012137328386279483,0.0036411985158838448,0.5989648571532629,0.0006742944179352825,0.03867429441793528,0.029008003732085553,0.054250681685211945,4.508009674364377e-05,0.0,-0.0014137023654535049
2024.5833333333333,0.11306841182325876,0.06652692230113617,0.3,0.5,1.8036834641275898e-05,0.0024399258939396267,3.993295489829576e-05,0.001436363082543721,0.5988980556719439,0.0011561167346863146,0.0029943791843602624,0.002407302399696467,0.5994162009133983,0.3625837990866017,0.001268534064100736,0.5992033319731151,0.3622125338024367,0.017830438941993862,0.020753695282454118,0.0,0.0010917581283629296,0.0062293713204509635,0.01394078286812572,0.5996260776399542,-0.0005361538204678439,0.00014890434884568955,0.5992989045881217,0.0,9.557261500658942e-05,0.0,0.005677679771348854,0.008015790566917024,0.021358567140011064,0.023784869902593077,0.0037656252554344183,0.005096403810856205,0.21273118507549782,0.2442427042874344,0.0024399258939396267,0.0006199629142184707,0.0007575905095144472,0.002096146108895987,0.0011763694300734667,0.0012779478567108526,0.003833843570132558,0.5989298247412966,0.0005841342244479811,0.03858413422444798,0.028897022792690803,0.05419197231057603,3.992136456260065e-05,0.0,-0.0014533569848174646
2024.6666666666667,0.11415037535009763,0.06773604371737951,0.3,0.5,2.1364580882800544e-05,0.002601971449335097,4.248646149512019e-05,0.0014772065266015488,0.5988671228546768,0.0011907230075023315,0.003080636344726743,0.002474592550534177,0.5993918017739648,0.3626081982260352,0.0013056539243330588,0.5992362971772376,0.36225941132743944,0.017770008586759183,0.02073428290856357,0.0,0.0010314084642051302,0.006248223411803194,0.013961712278972426,0.599598612488842,-0.0005599477319089356,0.00023062940869112702,0.599320708798583,0.0,8.441162134542601e-05,0.0,0.005693437544034489,0.008025326656888251,0.02129483668121499,0.023755184368312632,0.003772658169092059,0.005099966596814847,0.21366010495978674,0.24480628958849648,0.002601971449335097,0.0006307752755933961,0.0007523351562099256,0.0021580863381488397,0.0012064888867804136,0.0013404451279211572,0.0040213353837634715,0.5988945516635393,0.000504291495322752,0.03850429149532275,0.028800367874289058,0.05413740022515092,3.535041668908945e-05,0.0,-0.0014940626514166266
2024.75,0.11524035709054599,0.06896551724137952,0.3,0.5,2.4905119340727228e-05,0.002757713139116315,4.492460872659743e-05,0.0015191555875981068,0.5988353699673448,0.0012263413606183936,0.0031692776940037935,0.0025436544540242334,0.5993667584968159,0.36263324150318405,0.0013438243557411023,0.5992647930851046,0.3623016162529506,0.017717428948200976,0.02071616171374358,0.0,0.0009857862671356354,0.006263039123315986,0.013979359016602909,0.5995745287581509,-0.000580654382950167,0.0002974600435615828,0.5993327008451017,0.0,6.790775999709897e-05,0.0,0.00570467420164571,0.00803372846787884,0.021239176439537384,0.023728124634937744,0.0037773624033460604,0.005103057165820835,0.21440963800883825,0.24529795201224658,0.002757713139116315,0.0006456869776682267,0.0007434849954499259,0.0022330333434172982,0.0012440675436108664,0.001401565714772914,0.004204697144318742,0.5988589557228983,0.00043359066194455925,0.03843359066194456,0.02871627141834334,0.05408668449730545,3.1228179476733287e-05,0.0,-0.001535844671554059
2024.8333333333333,0.11633837180114937,0.07021562608766191,0.3,0.5,2.8648836734610348e-05,0.0029080482206091727,4.726283312992221e-05,0.0015622325543927225,0.5988027783580803,0.0012629835767130023,0.0032603463815967203,0.0026145301748729142,0.599341055693579,0.3626589443064209,0.0013830613986940785,0.5992889366441327,0.36233992905287593,0.01767186026528776,0.02069927403770326,0.0,0.0009527759133636238,0.006274993723074124,0.013994753736405456,0.5995531036342657,-0.0005992009669774661,0.0003518818547019242,0.5993365208644867,0.0,4.758422035400223e-05,0.0,0.0057126897300524395,0.008041480144014075,0.021190736851697315,0.02370349028280218,0.003780455530663918,0.0051059151130779966,0.21502063959440776,0.24573595853708163,0.0029080482206091727,0.0006637826097355363,0.0007323159894176622,0.0023184742609751834,0.0012875887937719582,0.0014615759369689839,0.0043847278109069516,0.5988229694276052,0.0003711343029910233,0.03837113430299102,0.028643408712210716,0.054039570547060684,2.7489126015300958e-05,0.0,-0.001578728855567034
2024.9166666666667,0.11744443335972723,0.0714866552354774,0.3,0.5,3.2587406162103867e-05,0.00305375121294095,4.951446445172751e-05,0.001606460519774373,0.5987693289431442,0.0013006628717196595,0.003353887724058975,0.0026872625851180935,0.5993146776752059,0.36268532232479406,0.0014233822780030923,0.599308857859047,0.3623749860899923,0.017632579883972287,0.020683576166988144,3.545715468245003e-05,0.0009306615888500236,0.0062847388295992,0.014008468406056416,0.5995337444678644,-0.0006163497877765532,0.0003959187280175916,0.5993335032716671,0.0,2.4645412620150076e-05,0.0,0.005718260047027921,0.008048823948603045,0.021148787832360273,0.023681114747263435,0.0037823594079456953,0.005108657824261065,0.21551881455923422,0.246130769499971,0.00305375121294095,0.0006843130839431064,0.0007198115143727628,0.002412447454352976,0.001335847297716138,0.0015207072308794528,0.004562121692638359,0.5987865319991509,0.00031615605096043525,0.038316156050960434,0.028580637975102203,0.05399585913214039,2.4099519255249557e-05,2.1249786875670687e-05,-0.0016227415234967247
2025.0,0.11855855474936026,0.07277889135244531,0.3,0.5,3.671361153308116e-05,0.0031955342181533915,5.169174231029105e-05,0.0016518633384794159,0.5987350022129332,0.0013393937528303065,0.0034499490537154556,0.002761895371533762,0.5992876084488954,0.3627123915511045,0.0014648053010430607,0.5993247176170832,0.3624073253704666,0.01759892681966708,0.02066903019278288,0.00010827088013232178,0.0009180006569922128,0.006292684419618963,0.014020830555073818,0.5995159511615955,-0.0006327255710390955,0.00043127411696850817,0.599324756120607,0.0,3.850352381373767e-08,0.0,0.0057219027938658976,0.008055876179107172,0.021112661952440173,0.023660847752126284,0.0037833498379489985,0.005111339040682112,0.21592242570506556,0.24648887066320113,0.0031955342181533915,0.000706668181791211,0.0007067236459199794,0.002513410053302722,0.0013878819968723155,0.0015791733854575796,0.004737520156372739,0.5987495859148285,0.0002679570124499639,0.03826795701244996,0.02852691249293072,0.053955379632847716,2.1037932426415384e-05,6.48894146614568e-05,-0.0016679095106238893
2025.0833333333333,0.11968074804243191,0.07409262271420944,0.3,0.5,4.1021256725605414e-05,0.0033340702964010753,5.3806210840600444e-05,0.0016984656071736032,0.5986997782336924,0.0013791919462148494,0.0035485796441978553,0.002838473042727628,0.599259831715112,0.362740168284888,0.0015073498065064973,0.5993367061421907,0.3624374127102119,0.017570285163800187,0.02065559598379704,0.0001758352876103375,0.0009135512136770885,0.0062991217737989325,0.014032043262823264,0.5994992980308361,-0.0006488369747833808,0.0004594070176143492,0.599311210588966,2.5495553224730294e-05,0.0,0.0,0.005689183201452308,0.008062692028887427,0.021081736481045683,0.023642544461643072,0.0037642801623059435,0.005113981499486572,0.21532816927532947,0.24665879056806403,0.0033340702964010753,0.0007303549714314686,0.0006936251136759445,0.00262013989162331,0.001442925733825633,0.0016371772220873026,0.004911531666261908,0.5987120755665327,0.00022588114759723027,0.03822588114759723,0.02848125472950781,0.05391796643382614,1.9629388731234876e-05,0.00010538454209994443,-0.0017142601728630847
2025.1666666666667,0.1208110243846777,0.07542813911994665,0.3,0.5,4.550510762898878e-05,0.0034516599597400827,5.556152953203579e-05,0.001746292652737793,0.5986636366476776,0.0014200743517280838,0.003649830665582385,0.002917040935903849,0.5992313308647084,0.36276866913529165,0.0015510361326917072,0.5993256914089994,0.36246565675448306,0.017562202721330817,0.020646449115186524,0.00020625710192589963,0.0009162304777570185,0.006289643742403005,0.014037363720921906,0.5994802008551754,-0.00066483388401465,0.0004862179857246789,0.5992934723776234,3.2219031375957385e-05,0.0,0.0,0.005670258768472828,0.008066510855251957,0.021072099070912526,0.023632023577812765,0.0037534744572223153,0.0051154481745445506,0.21492395732830386,0.24674385871754367,0.0034516599597400827,0.0007552404677134339,0.0007088191137254822,0.0026949853208183224,0.001486704606986285,0.0016896724510706922,0.005069017353212076,0.5986749983597631,0.0002086518365173387,0.03820865183651734,0.02846903446871733,0.053891403583603316,2.172827087437712e-05,0.00012361518021975626,-0.0017618213920007361
2025.25,0.12194939397927788,0.07678573180366444,0.3,0.5,5.0135235089991765e-05,0.003566288472074903,5.726040084051669e-05,0.0017953638456447148,0.598626558013011,0.0014620378736462912,0.0037537317776417736,0.0029976452232736324,0.5992020889761576,0.36279791102384235,0.0015958702343019094,0.5993096207815897,0.3624930426688221,0.017557209697692457,0.0206401268518955,0.00022951033492923933,0.0009233665187380335,0.006283196805806595,0.014040027337790105,0.5994591372041274,-0.000680794442176443,0.0005128322710052722,0.5992728565972073,3.676418438236517e-05,0.0,0.0,0.005657347511529412,0.008069048582727657,0.021066031262514693,0.023624852500503217,0.0037461111095457213,0.005116414029170364,0.21464384752279111,0.24679974759801956,0.003566288472074903,0.0007812434314698482,0.0007282668065820739,0.0027685089103549154,0.0015306861418110463,0.001741808615483933,0.005225425846451799,0.59863730569265,0.00019733654958795782,0.03819733654958796,0.028461912409929985,0.05387193929910943,2.323549288987814e-05,0.00013754775179189807,-0.0018106215807679588
2025.3333333333333,0.12309586607102986,0.07816569334122654,0.3,0.5,5.4906935160034824e-05,0.0036800316363452628,5.893782123823359e-05,0.0018457056193392418,0.5985885211893194,0.0015051006178042675,0.0038603366945726145,0.0030803329180904633,0.5991720888129056,0.36282791118709434,0.0016418736219981128,0.5992901515961513,0.36252004446916347,0.017554242951399332,0.02063556098328556,0.00024838929965953493,0.0009336991003885409,0.006278729223466533,0.014041777306088358,0.5994367012723959,-0.0006967931083004667,0.0005392554815794783,0.5992500005786707,4.0151017480560824e-05,0.0,0.0,0.005647961313556083,0.008071238875393199,0.021062288318557876,0.023619782285023448,0.003740774065822628,0.0051172964477735035,0.21443630968602953,0.24684589093031944,0.0036800316363452628,0.0008083075095038008,0.0007504429305645248,0.0028422507777381874,0.0015754157305193678,0.0017941898884191688,0.0053825696652575064,0.5985988605590218,0.00018980393468489426,0.03818980393468489,0.028458138075932747,0.053856868305288325,2.4438618342004226e-05,0.00014885726104782454,-0.001860689687731914
2025.4166666666667,0.1242504489305534,0.0795683175529489,0.3,0.5,5.9818420263220955e-05,0.0037940039595038473,6.061254974593728e-05,0.001897345655875142,0.598549504502446,0.001549283482921941,0.003969702831877482,0.0031651518802849016,0.599141312820848,0.3628586871791519,0.001689069985947812,0.5992681450738115,0.36254691518350773,0.017552756461731708,0.020632183280948742,0.000264360600024105,0.0009465787787272806,0.006275419120227865,0.014043222126024147,0.5994132082603885,-0.0007129019521754044,0.0005654766266458034,0.5992252476544884,4.289741932317348e-05,0.0,0.0,0.005640575274919987,0.008073397682818059,0.021060227619492992,0.02361615187944313,0.003736597374300241,0.005118226103034612,0.21426772065695715,0.24688780095010343,0.0037940039595038473,0.0008363815307465364,0.0007745504495501944,0.0029170454128474165,0.0016211761760200542,0.0018471459780494115,0.005541437934148234,0.5985595807187574,0.00018493974268044694,0.038184939742680446,0.028456812047119417,0.053844751354209304,2.548032172364212e-05,0.00015842288640704523,-0.0019120552019996138
2025.5,0.12541314983856508,0.08099389940170455,0.3,0.5,6.48694660753824e-05,0.003908874463129629,6.229581061108639e-05,0.0019503125354322038,0.5985094858131133,0.0015946090455950322,0.004081890077510915,0.003252150821675707,0.599109743125944,0.362890256874056,0.0017374843864775766,0.599244083672372,0.3625738144255155,0.017552426119169462,0.020629675782942655,0.000278259463927788,0.0009616148170077388,0.00627273022696462,0.014044534394321106,0.5993888165163868,-0.0007291881373244303,0.0005915336286981762,0.5991988137254366,4.52699469354334e-05,0.0,0.0,0.005634301929980432,0.008075604805574826,0.021059471002269715,0.023613588223201462,0.003733076393780938,0.00511922694360598,0.21411810810724363,0.24692637526907196,0.003908874463129629,0.0008654209082706017,0.0008001608502014206,0.002993350472729354,0.0016681124222940934,0.0019008795027502853,0.005702638508250856,0.5985194091373365,0.00018210190211211813,0.03818210190211212,0.028457401818148497,0.05383478050192172,2.6433309813528316e-05,0.00016674533748457278,-0.0019647481577114026
2025.5833333333333,0.1265839750702598,0.08244273488648422,0.3,0.5,7.006078362630626e-05,0.004025098624065911,6.399520789023427e-05,0.002004635574744498,0.5984684425478524,0.0016411010435436137,0.004196960224320095,0.003341379310735135,0.5990773615319699,0.3629226384680301,0.001787142879419573,0.5992182635891716,0.36260086096194216,0.01755303032282213,0.02062784512606382,0.0002906109213889341,0.00097853011999538,0.006270343997094058,0.01404574221660609,0.599363600636839,-0.0007457118451913428,0.0006175074627151904,0.5991708551659664,4.740842320527516e-05,0.0,0.0,0.005628642314115459,0.008077863126664774,0.02105976399425298,0.023611860280943583,0.0037299259956404167,0.005120290294632511,0.21397640165670984,0.24696142483577085,0.004025098624065911,0.0008953891983522708,0.0008270362849176051,0.00307142115073697,0.0017162982144776084,0.001955532260385552,0.005866596781156656,0.5984783006919858,0.0001808754488859532,0.03818087544888595,0.028459544884925768,0.053826461322881096,2.733536022339611e-05,0.00017413937169472634,-0.002018799138323937
2025.6666666666667,0.1277629298797512,0.08391512093125392,0.3,0.5,7.539371761715912e-05,0.004143022935446326,6.571649118307827e-05,0.0020603447501935076,0.5984263517131168,0.0016887841278984716,0.004314976699637605,0.003432887776879789,0.5990441495184274,0.36295585048157253,0.0018380723368335388,0.5991908849427665,0.36262815303598384,0.017554400698219022,0.020626561323030354,0.00030178026820937287,0.00099710515194662,0.006268083864733756,0.014046839673382255,0.5993375923658307,-0.0007625254536501411,0.0006435016357867095,0.5991414950625501,4.938988021641055e-05,0.0,0.0,0.0056233209268424945,0.008080158927447777,0.021060916123134182,0.02361080944172759,0.0037269872377670805,0.005121402275669877,0.213836823857307,0.24699280425976664,0.004143022935446326,0.0009262586742483306,0.0008550380591544991,0.003151407428643665,0.0017657730974299198,0.002011215103279937,0.006033645309839811,0.5984362161777269,0.00018096202124937705,0.038180962021249376,0.02846296697667445,0.053819458835693286,2.8207114478429052e-05,0.00018082398596663956,-0.002074239280654454
2025.75,0.12895001848460924,0.08541135526905708,0.3,0.5,8.087009188241565e-05,0.004262931353271916,6.746434095520134e-05,0.0021174706589908963,0.5983831899019296,0.001737683736633766,0.004436004428520735,0.0035267275142626445,0.5990100882386109,0.36298991176138906,0.0018903003556875785,0.5991620934627283,0.3626557757849025,0.01755640212599867,0.020625728626370236,0.0003120426246546737,0.0010171574665018834,0.006265857683074262,0.014047822212247632,0.5993108023135723,-0.0007796737261568277,0.0006696248752690181,0.5991108331306867,5.126033204161384e-05,0.0,0.0,0.005618185575727662,0.00808248109387916,0.02106277599248161,0.02361031698779001,0.003724170960388188,0.005122552069839586,0.21369653703356398,0.24702064035784735,0.004262931353271916,0.0009580100104769384,0.0008840805536515945,0.0032334061775809715,0.0018165618509392624,0.0020680212089200737,0.006204063626760221,0.5983931196443808,0.00018213075236890586,0.038182130752368905,0.028467448684572228,0.053813524495662075,2.9060826855303867e-05,0.00018696411223769865,-0.0021311002786831425
2025.8333333333333,0.1301452440505323,0.08693173632131367,0.3,0.5,8.649212029534909e-05,0.004385066352018932,6.92427254136975e-05,0.0021760444970959723,0.5983389332973561,0.0017878260217251013,0.004560109756052376,0.003622950685042151,0.5989751585178429,0.363024841482157,0.001943855205497577,0.5991320000163862,0.362683803992271,0.01755892419563435,0.020625271795708125,0.0003216155158461964,0.0010385341090437539,0.006263620192904468,0.014048693804034292,0.5992832309368659,-0.0007971945847225936,0.0006959804647557698,0.5990789498846696,5.305013171663653e-05,0.0,0.0,0.005613150132035128,0.008084824832620977,0.02106522040090473,0.023610288908965965,0.003721425613091017,0.005123733131599912,0.21355424139949172,0.2470452781796234,0.004385066352018932,0.0009906314370025078,0.0009141082568709295,0.003317488157633161,0.0018686841375140993,0.002126032095943628,0.006378096287830884,0.5983489771889763,0.0001841959913424715,0.03818419599134247,0.02847281110561233,0.053808461887598615,2.9904551028553383e-05,0.00019269014724523342,-0.002189414387095654
2025.9166666666667,0.13134860867610712,0.08847656307216278,0.3,0.5,9.226234741315722e-05,0.004509639358963945,7.10550780431636e-05,0.0022360980445000683,0.5982935576746917,0.0018392378005861237,0.004687360396098294,0.0037216103220986535,0.5989393408518899,0.3630606591481101,0.001998765793489305,0.5991006903359593,0.36271230341390115,0.017561876752762353,0.020625129497376875,0.000330675101228195,0.0010611079544062818,0.006261350663422323,0.014049465252785436,0.5992548738135668,-0.0008151201248281618,0.0007226611118385599,0.5990459090939447,5.478124201452328e-05,0.0,0.0,0.005608163259822499,0.008087190528078863,0.02106814876731642,0.023610648545346474,0.0037187196783625607,0.005124942286261601,0.21340939317316238,0.2470671762077115,0.004509639358963945,0.001024117675757962,0.0009450842280549243,0.003403711616987194,0.0019221589653192568,0.002185320605317429,0.006555961815952287,0.5983037563574534,0.00018700625013922528,0.038187006250139224,0.02847890838529795,0.05380411023452145,3.0744104609792267e-05,0.00019810768142272483,-0.0022492144245481027
2026.0,0.13256011337769347,0.0900461349378036,0.3,0.5,9.818360391675419e-05,0.004636836891594615,7.290440246641208e-05,0.0022976636540124676,0.5982470384031506,0.0018919465193962658,0.0048178253928267255,0.003822760331170216,0.5989026154055652,0.36309738459443475,0.0020550616383059935,0.5990682305094299,0.3627413317965914,0.017565186796865303,0.020625250897112965,0.0003393653354301085,0.001084774892460283,0.006259040421634272,0.014050150914309197,0.5992257240311405,-0.000833477658179221,0.0007497474004713755,0.5990117598535353,5.647065589464706e-05,0.0,0.0,0.005603191939221122,0.008089581731330736,0.021071479449374507,0.023611332652580065,0.0037160323843903964,0.005126178542610498,0.21326179264529888,0.24708682226334583,0.004636836891594615,0.0010584688612170449,0.0009769840900011664,0.0034921289794229687,0.0019770065366377172,0.002245952653661334,0.006737857960984002,0.5982574257926389,0.00019043769397827232,0.03819043769397827,0.02848562258204747,0.0538003358357183,3.1583986847938395e-05,0.00020330299099235424,-0.0023105337766452685
2026.0833333333333,0.13377975807447381,0.09164075163079911,0.3,0.5,0.0001042589707889552,0.004766824938345261,7.479334747884966e-05,0.002360774241947184,0.5981993504473819,0.0019459802233174664,0.0049515750894381285,0.003926455492384918,0.5988649620115294,0.3631350379884705,0.0021127728486202107,0.5990346706237449,0.3627709398846023,0.017568795842491713,0.020625593649160716,0.000347804046031186,0.001109451048077359,0.00625668628229788,0.014050766063051721,0.5991957731910819,-0.0008522906710892052,0.0007773082217123976,0.5989765385789321,5.813204481286416e-05,0.0,0.0,0.00559821302659061,0.008092003520332774,0.021075146762849037,0.023612288942384308,0.003713348914627642,0.005127442158174204,0.21311137929009527,0.24710468193237853,0.004766824938345261,0.0010936895522282613,0.0010097926671165437,0.0035827900797465602,0.0020332488522550323,0.0023079884844946713,0.006923965453484014,0.5982099549832651,0.00019438949165243025,0.03819438949165243,0.028492859346345774,0.053797026955498976,3.2427819533525915e-05,0.00020834668215589732,-0.0023734063986098975
2026.1666666666667,0.13500754157361913,0.09326071301919307,0.3,0.5,0.000110491749745526,0.0048997525186602105,7.672426805705779e-05,0.0024254632800102625,0.5981504683689689,0.002001367531553786,0.00508868110180497,0.004032751461155315,0.5988263601692982,0.3631736398307017,0.0021719301051385553,0.5990000475320602,0.36280117243198456,0.01757265753434463,0.020626122501610316,0.0003560875496922966,0.0011350699854264512,0.006254287280063071,0.014051325277234548,0.59916501179125,-0.000871579652265156,0.000805402117266213,0.5989402709176977,5.977661436240567e-05,0.0,0.0,0.0055932090117225015,0.008094461440522806,0.021079098359618385,0.023613474282448903,0.0037106579668123463,0.00512873402642539,0.2129581366520531,0.2471211730804517,0.0048997525186602105,0.00112978787928863,0.0010435019003896106,0.003675743721612712,0.002090909767972996,0.002371483684823943,0.007114451054471829,0.5981613140601253,0.00019878003595494992,0.03819878003595495,0.028500544039574468,0.05379409023341053,3.3278576423073636e-05,0.0002132964591912605,-0.0024378668176338034
2026.25,0.13624346155560965,0.09490631898040884,0.3,0.5,0.0001168854387502808,0.005035754733306688,7.86992776047001e-05,0.002491764788078399,0.5981003663279789,0.0020581376162625165,0.005229216295913977,0.004141704768407579,0.5987867890444685,0.36321321095553144,0.002232564645281415,0.5989643871208356,0.3628320691736061,0.01757673550784287,0.020626808197715146,0.00036429443376406745,0.0011615800265394327,0.006251843152474576,0.014051841640884778,0.5991334293535236,-0.0008913627810770578,0.0008340789163964744,0.5989029735089824,6.141361185318939e-05,0.0,0.0,0.005588165890342903,0.008096960917408193,0.021083292901454446,0.023614853234048435,0.0037079505000146484,0.005130055316866882,0.2128020523956146,0.24713665718588318,0.005035754733306688,0.001166774835185459,0.0010781094081133739,0.003771038440700835,0.0021500148409729666,0.002436490055902141,0.007309470167706423,0.5981114736218064,0.0002035437055580222,0.03820354370555802,0.02850861826199505,0.05379144783168298,3.413872039390031e-05,0.00021819939225102648,-0.002503950134888882
2026.3333333333333,0.1374875145597512,0.09657786924990537,0.3,0.5,0.0001234437118840058,0.005174955397693717,8.072029302174584e-05,0.002559713327714235,0.5980490180846068,0.0021163201846721236,0.005373254768398585,0.00425337282012052,0.5987462274681707,0.3632537725318292,0.002294708250093591,0.5989277062186525,0.3628636657122109,0.01758100151955656,0.02062762654957952,0.0003724887401042043,0.0011889418016708397,0.0062493537027876935,0.014052326472454156,0.5991010144630543,-0.0009116564859069465,0.000863381344583145,0.5988646555419874,6.305067666512176e-05,0.0,0.0,0.005583072071654012,0.008099506981229694,0.02108769803298508,0.023616396807904137,0.003705219067690529,0.005131407281988915,0.21264310446933082,0.2471514400664208,0.005174955397693717,0.0012046636987651771,0.0011136174052054533,0.0038687228945697098,0.0022105911184438953,0.0025030563646532764,0.007509169093959829,0.5980604045843,0.00020862806913608117,0.03820862806913608,0.028517036821841712,0.05378903502063892,3.5010298639281956e-05,0.0002230938267028869,-0.0025716920271857168
2026.4166666666667,0.1387396959698379,0.09827566326445161,0.3,0.5,0.0001301704029691513,0.005317469294612808,8.278907323244757e-05,0.0026293439961546016,0.597996397000975,0.002175945463950522,0.0055208718295977136,0.004367813896137877,0.5987046539367604,0.36329534606323954,0.002358393232994632,0.5988900142077834,0.36289599429862035,0.017585433855317707,0.020628557638278065,0.000380722652880916,0.0012171260943916185,0.0062468185792951235,0.014052789347574885,0.5990677547879464,-0.0009324758896295717,0.0008933464610361339,0.5988253200951007,6.469411268272829e-05,0.0,0.0,0.005577917779901689,0.008102104174087493,0.021092288653824978,0.023618081393682076,0.0037024574350085116,0.005132791163741943,0.21248125864580367,0.24716577711080454,0.005317469294612808,0.0012434695743209503,0.0011500318510530246,0.003968846078586859,0.0022726669327372195,0.002571228986157621,0.007713686958472863,0.5980080780529611,0.00021399149359577208,0.03821399149359577,0.028525765155075076,0.05378679809180012,3.589501674183815e-05,0.0002280109949930768,-0.0026411287482614337
2026.5,0.13999999999999993,0.10000000000000027,0.3,0.5,0.0001370694924051886,0.005463404074560721,8.490725166697744e-05,0.0027006924206716574,0.5979424760431207,0.0022370441883177057,0.0056721439885879365,0.004485087148226489,0.5986620466117579,0.36333795338824204,0.002423652430041701,0.5988513143750844,0.36292908449940503,0.01759001600361477,0.02062958512189529,0.00038903875133255994,0.001246111996891175,0.006244237236090522,0.014053238262868027,0.5990336371035444,-0.0009538351608809297,0.0009240068789192711,0.5987849652610571,6.634911402736421e-05,0.0,0.0,0.005572694689226714,0.008104756552877812,0.02109704547433697,0.023619887842509804,0.0036996603344932382,0.005134208154930966,0.2123164703560907,0.24717988015267897,0.005463404074560721,0.0012832090274367757,0.0011873617608818127,0.004071457455792803,0.002336271724217051,0.002641052445237619,0.007923157335712857,0.5979544652147972,0.00021960112551006744,0.038219601125510066,0.028534777174672364,0.053784692553719454,3.6794299772879846e-05,0.00023297636757834515,-0.002712297129678671
2026.5833333333333,0.1412684196807796,0.10175117780415502,0.3,0.5,0.00014414509671077004,0.0056128618378919965,8.707636329210879e-05,0.0027737947531522875,0.597887227783209,0.002299647587978799,0.005827148939697677,0.004605252597352893,0.5986183833200474,0.36338161667995256,0.002490519191377966,0.598811605033475,0.36296296375734133,0.01759473556832279,0.020630695640860425,0.00039747187956462593,0.0012758853606775755,0.006241608962326156,0.014053679851176452,0.598998647326643,-0.0009757477885967048,0.0009553917701266381,0.5987435850779288,6.801995554617246e-05,0.0,0.0,0.005567395672035567,0.008107467736125916,0.021101953827269062,0.023621800687475297,0.0036968232923162616,0.005135659388715196,0.21214868767768152,0.24719392447802407,0.0056128618378919965,0.0013238997993820943,0.001225618645521734,0.00417660704014561,0.002401435895520771,0.0027125698669215126,0.008137709600764539,0.5978995372491531,0.00022543120918321752,0.03822543120918322,0.028544053507212532,0.05378268158349318,3.770934332050779e-05,0.0002380107741577657,-0.0027852345813205266
2026.6666666666667,0.1425449468453838,0.10352949422310098,0.3,0.5,0.00015140146031844578,0.005765940438973472,8.929786688368063e-05,0.002848687664704812,0.5978306244020253,0.0023637873795228537,0.005985965550062415,0.004728371130141765,0.5985736415543456,0.3634263584456544,0.0025590273735767864,0.5987708804450693,0.3629976578555767,0.01759958338818913,0.02063187831116431,0.0004060506851573109,0.0013064375124096639,0.006238932929869325,0.01405411960097847,0.5989627705581037,-0.0009982267950343058,0.000987527677190188,0.5987011702905046,6.971015456469498e-05,0.0,0.0,0.005562014605779512,0.008110240966242773,0.021107002701087063,0.02362380748715646,0.003693942493463875,0.005137145941223017,0.21197785417837486,0.24720805525812362,0.005765940438973472,0.0013655605844885477,0.0012648160569132584,0.004284345453473627,0.0024681906951929977,0.0027858233472534263,0.008357470041760278,0.5978432652550154,0.00023146169935343852,0.03823146169935344,0.028553580064067115,0.05378073470911493,3.864115641871724e-05,0.0002431313262569667,-0.002859979091462646
2026.75,0.14382957211615355,0.10533524582300034,0.3,0.5,0.00015884294922541915,0.0059227345504996275,9.157316319757915e-05,0.002925408340283866,0.5977726376917564,0.0024294957573646643,0.0061486738477820775,0.0048545044944870355,0.5985277984739528,0.36347220152604715,0.002629211332631279,0.5987291315750776,0.3630331912984224,0.017604552830583015,0.020633124295916457,0.0004147988750916598,0.0013377641991170197,0.006236208238660474,0.014054562057814128,0.5989259911305058,-0.0010212848999508442,0.001020439161961615,0.5986577089684065,7.14226066710344e-05,0.0,0.0,0.005556546215412219,0.008113079172783713,0.021112183960888813,0.02362589827711557,0.0036910146721040346,0.005138668839368932,0.21180391122683592,0.2472223931479714,0.0059227345504996275,0.0014082108574138203,0.0013049692190893463,0.004394723961431334,0.0025365681245176973,0.0028608542553456573,0.008582562766036972,0.5977856201918857,0.0002376771264994762,0.038237677126499475,0.028563346894725276,0.053778826697239795,3.959059708469326e-05,0.00024835217026194855,-0.002936569226404046
2026.8333333333333,0.1451222848912943,0.10716872800586402,0.3,0.5,0.00016647404615855076,0.006083336527624252,9.390360971885829e-05,0.003003994473069725,0.5977132390591234,0.002496805386041274,0.006315355010388088,0.004983715294288176,0.598480830905795,0.36351916909420495,0.0027011059173661207,0.5986863467041271,0.3630695876216413,0.017609639228720594,0.020634426445510425,0.00042373623508784597,0.0013698647272295528,0.006233433953565202,0.014055010999580071,0.5988882926576929,-0.0010449346463404197,0.0010541493186346038,0.5986131870049847,7.315969914245546e-05,0.0,0.0,0.005550985940673538,0.008115985030305781,0.021117491724457368,0.023628065114392926,0.003688037020162159,0.0051402290700018624,0.21162679971170703,0.24723703901264182,0.006083336527624252,0.0014518707397008542,0.0013460947321776474,0.004507794497004379,0.002606600864179065,0.0029377034779963654,0.008813110433989097,0.5977265728329789,0.00024406567423101988,0.03824406567423102,0.028573347272522004,0.05377693662047332,4.055840164302049e-05,0.0002536850985509037,-0.0030150441296405875
2026.9166666666667,0.146423073331814,0.10903023481978635,0.3,0.5,0.00017429934696845561,0.006247837104380093,9.629053254571362e-05,0.0030844842586748205,0.5976523995288656,0.0025657493929968013,0.006486091353255449,0.005116066983272821,0.5984327153457696,0.36356728465423044,0.0027747464630804306,0.5986425119232078,0.36310686964400807,0.017614839435750138,0.020635778997033446,0.00043287945267411754,0.0014027412628441205,0.006230609131793029,0.014055469584519606,0.5988496580838032,-0.0010691884960185557,0.0010886801780303505,0.5985675885183607,7.492340484716031e-05,0.0,0.0,0.005545329823294079,0.008118961008550113,0.021122921865245822,0.02363030170111097,0.0036850071105648573,0.005141827588639376,0.2114464612517131,0.24725207784650294,0.006247837104380093,0.0014965608969782459,0.0013882103340673196,0.004623609671725065,0.0026783222154050496,0.0030164116161404313,0.009049234848421295,0.5976660937280073,0.0002506184327835878,0.03825061843278359,0.02858357696976151,0.05377504707936817,4.154520866567202e-05,0.0002591400429087771,-0.0030954435205606296
2027.0,0.1477319243487109,0.11092005876356378,0.3,0.5,0.00018232355801393174,0.006416325952682872,9.873523592672357e-05,0.0031669163889500853,0.597590089747629,0.002636361361740322,0.006660966317754471,0.005251623857877344,0.5983834279604068,0.3636165720395932,0.0028501687852672012,0.5985976115323044,0.363145059670436,0.017620151473011905,0.02063717732424718,0.00044224277909510334,0.00143639826476738,0.006227732842197855,0.014055940473939389,0.5988100697301615,-0.0010940589016979667,0.001124053024028548,0.598520896173061,7.671535924336226e-05,0.0,0.0,0.005539574411541582,0.008122009414709157,0.021128471618133925,0.023632603074659204,0.0036819228330304795,0.0051434653271239,0.21126283901718512,0.24726758198939863,0.006416325952682872,0.0015423024600423553,0.0014313347104274766,0.004742222778572806,0.002751766052891005,0.0030970191417827664,0.0092910574253483,0.5976041531743491,0.00025732879725908625,0.038257328797259085,0.02859403368555588,0.053773143556232604,4.2551578280758395e-05,0.0002647254712837374,-0.003177807692645624
2027.0833333333333,0.1490488235904549,0.11283849058573414,0.3,0.5,0.0001905514943411587,0.006588892129121604,0.00010123900988248144,0.003251330045400209,0.5975262799882688,0.002708675325154005,0.00684006445890461,0.005390451049157028,0.5983329445888566,0.36366705541114336,0.002927409173269829,0.598551628360734,0.36318417965542704,0.017625574253511498,0.02063861773032695,0.00045183856008812473,0.0014708420261348998,0.006224804178380755,0.014056425932913124,0.5987695093390907,-0.0011195583608045218,0.0011602886401375068,0.5984730914371922,7.8536923541761e-05,0.0,0.0,0.005533716679376903,0.008125132428450574,0.02113413926766708,0.023634965353423906,0.00367878234030965,0.005145143200059903,0.21107587825268162,0.24728361374717467,0.006588892129121604,0.001589116964349483,0.0014754873436728262,0.004863687788799852,0.0028269667869284068,0.003179566522608184,0.009538699567824552,0.5975407211951722,0.00026419198383844517,0.038264191983838444,0.02860471659569966,0.053771213880202354,4.357800780724341e-05,0.0002704487058969164,-0.0032621775111560045
2027.1666666666667,0.15037375543070852,0.11478581907793893,0.3,0.5,0.00019898807849803217,0.006765624429497425,0.00010380313625325344,0.0033377648921987203,0.5974609401545818,0.0027827257587625374,0.007023471432316564,0.00553261451368628,0.5982812407452125,0.3637187592547875,0.0030065043837676064,0.598504544023847,0.3632242513341546,0.017631107365440206,0.020640097276557513,0.0004616776599403183,0.0015060803043718263,0.006221822267025489,0.014056927912334333,0.5987279581141325,-0.0011456994551450957,0.0011974075010266973,0.5984241547878907,8.038923595632408e-05,0.0,0.0,0.005527753958740689,0.008128332130622723,0.021139923902454984,0.023637385528682348,0.003675584003594529,0.005146862110089589,0.2108855265939575,0.247300227518113,0.006765624429497425,0.0016370263036174417,0.0015206883922058005,0.004988059342398315,0.0029039593319514626,0.00326409431996126,0.00979228295988378,0.5974757675229374,0.00027120464199772293,0.03827120464199772,0.02861562600002919,0.05376924778573076,4.4624944201349104e-05,0.0002763161773485769,-0.0033485944102867337
2027.25,0.15170670295633112,0.11676233086265754,0.3,0.5,0.00020763833985246996,0.006946611669469804,0.00010642889348638283,0.0034262610685391343,0.5973940397865269,0.002858547573975918,0.007211273980335,0.005678181023420806,0.5982282916211867,0.3637717083788133,0.0030874916339906663,0.598456339128518,0.3632652963272283,0.01763675090316825,0.020641613641084675,0.00047176979953666986,0.0015421220227782584,0.006218786272953947,0.014057448115498344,0.5986853967565315,-0.0011724948796748048,0.0012354299203196175,0.5983740658752982,8.227325321985557e-05,0.0,0.0,0.005521683883139792,0.008131610526636246,0.021145825222152647,0.02363986129462328,0.0036723263756959956,0.005148622952157451,0.21069173424184418,0.24731747151359126,0.006946611669469804,0.001686052694301113,0.0015669585954314054,0.005115392735658676,0.0029827790807948245,0.0033506432654348828,0.010051929796304648,0.5974092615878832,0.0002783645442529306,0.03827836454425293,0.028626763046897954,0.05376723654905924,4.569279395746917e-05,0.0002823336271421103,-0.0034371003897679057
2027.3333333333333,0.15304764795570888,0.11876831017537426,0.3,0.5,0.00021650741430966853,0.007131942904510426,0.00010911756038936275,0.0035168591805859245,0.5973255480658974,0.002936176111016791,0.007403559917155647,0.0058272181544924175,0.5981740720891435,0.36382592791085644,0.0031704085945864144,0.5984069934374794,0.3633073362241046,0.01764250533572302,0.020643165002692303,0.000482123825145675,0.0015789770300016492,0.006215695401899448,0.014057988051978824,0.5986418054980477,-0.0011999574628769483,0.0012743761641916367,0.5983228036533631,8.41897841162842e-05,0.0,0.0,0.005515504340878859,0.008134969565425717,0.021151843386180712,0.023642390909765217,0.0036690081607633966,0.005150426616925087,0.21049445403863354,0.2473353891472497,0.007131942904510426,0.0017362186481398425,0.001614319197605376,0.005245743904919011,0.003063461882562063,0.0034392543198327975,0.010317762959498392,0.5973411725101476,0.0002856703384153253,0.038285670338415324,0.02863812951857961,0.05376517268953512,4.67819309504236e-05,0.00028850626867000037,-0.0035277380108975622
2027.4166666666667,0.15439657090735787,0.12080403864110478,0.3,0.5,0.00022560054434211542,0.007321707601327529,0.00011187041905632643,0.003609600292697905,0.5972554338225167,0.00301564713161013,0.007600418112874482,0.005979794274898359,0.5981185567055065,0.3638814432944934,0.003255293382071212,0.5983564860006689,0.363350392649195,0.01764837140478014,0.020644749945355232,0.0004927479215466324,0.0016166559061725483,0.006212548901725011,0.014058549081124782,0.5985971641302943,-0.0012281001807372828,0.0013142665378104673,0.5982703464841315,8.613951653746454e-05,0.0,0.0,0.0055092134363886975,0.008138411154768018,0.02115797889549053,0.023644973084167856,0.003665628189440675,0.005152273993482368,0.21029364147802995,0.24735402015387425,0.007321707601327529,0.0017875469508728474,0.0016627918878053941,0.005379169408544065,0.003146044023701679,0.003529968717971315,0.010589906153913944,0.5972714690952974,0.00029312135013537244,0.03829312135013537,0.02864972766467024,0.05376304972470302,4.789270264021761e-05,0.0002948389148207763,-0.003620550391983385
2027.5,0.15575345096884266,0.12286979504535794,0.3,0.5,0.00023492307926347596,0.007515995769534221,0.00011468875711819028,0.003704525918051332,0.5971836655409464,0.003096996811272967,0.007801938476325062,0.006135978531056841,0.5980617197145497,0.36393828028545033,0.003342184550804178,0.5983047952601662,0.3633944873139727,0.01765435004585568,0.020646367380004808,0.0005036497804434825,0.0016551698065656595,0.006209346062582079,0.01405913244709454,0.5985514520308671,-0.0012569361658387656,0.0013551214505909848,0.5982166722211426,8.812303902361318e-05,0.0,0.0,0.005502809458709498,0.008141937173602825,0.021164232500456497,0.023647606887800272,0.0036621853987431415,0.005154165971477052,0.21008925468140233,0.2473734014898946,0.007515995769534221,0.0018400606454342012,0.0017123987517960791,0.0055157264065357585,0.0032305622110020017,0.003622828001821291,0.010868484005463874,0.5972001198324485,0.0003007174258604847,0.038300717425860484,0.028661560073249038,0.05376086196989859,4.902543485771349e-05,0.0003013360787710655,-0.0037155812031746454
2027.5833333333333,0.15711826596605422,0.1249658550996264,0.3,0.5,0.00024448047568999184,0.007714898061641786,0.00011757386945440773,0.003801678008571798,0.5971102113677339,0.0031802617311813544,0.00800821193663603,0.006295840833200356,0.5980035350525821,0.36399646494741794,0.003431121084439709,0.5982518991342367,0.36343964205775864,0.01766044232750997,0.020648016480494174,0.0005148367333598358,0.0016945303353643748,0.006206086216531764,0.014059739307051736,0.5985046481865919,-0.001286478712720983,0.0013969614655201272,0.5981617582762248,9.01408580119556e-05,0.0,0.0,0.005496290855798047,0.008145549481918592,0.021170605129193977,0.02365029167617087,0.0036586788157538016,0.005156103442775856,0.20988125435268945,0.24739356805696813,0.007714898061641786,0.0018937830184603715,0.0017631622336863528,0.005655472639185827,0.0033170535563134484,0.003717874044291419,0.011153622132874257,0.5971270928947752,0.00030845880800414033,0.03830845880800414,0.028673629571371123,0.05375860437452133,5.0180435536339996e-05,0.00030800205347658843,-0.003812874660670546
2027.6666666666667,0.15849099238279374,0.12709249120135657,0.3,0.5,0.0002542782981445258,0.007918505847098415,0.00012052705946430302,0.0039010989442203933,0.5970350391191994,0.00326547886949577,0.008219330423388762,0.006459451839568613,0.5979439763525409,0.3640560236474591,0.0035221423868099667,0.5981977750847596,0.3634858788793542,0.01766664940461978,0.02064969663126592,0.0005263158561170656,0.0017347494434980515,0.006202768736825605,0.014060370753821876,0.5984567312142246,-0.0013167412804515118,0.0014398073347982763,0.5981055816731138,9.21934116457912e-05,0.0,0.0,0.005489656213585817,0.008149249928649094,0.02117709783193499,0.023653027030051284,0.0036551075444191342,0.005158087302742273,0.20966960372027604,0.24741455328181833,0.007918505847098415,0.0019487375890442585,0.0018151051047277022,0.005798466404300072,0.0034055555621585083,0.003815149065280821,0.011445447195842463,0.5970523561419007,0.00031634603588569926,0.0383163460358857,0.02868593914848615,0.05375627238850993,5.135799761749049e-05,0.0003148409741210591,-0.003912475520277436
2027.75,0.159871605350704,0.12924997218850848,0.3,0.5,0.0002643222197665511,0.008126911265400966,0.0001235496399838841,0.004002831521424925,0.5969581162898185,0.0033526855922396143,0.008435386845377238,0.0066268829393741555,0.5978830169490033,0.3641169830509967,0.0036152882722016422,0.5981424001714444,0.36353321996127397,0.017672972482622486,0.020651407384658704,0.0005380940505650411,0.0017758393456996924,0.006199393036978532,0.014061027834047977,0.5984076793789121,-0.0013477374930641536,0.0014836800261526755,0.5980481190908609,9.42810805835137e-05,0.0,0.0,0.005482904239274149,0.008153040357935166,0.021183711738014466,0.023655812706704527,0.0036514707550643903,0.005160118451196037,0.2094542684813926,0.24743638958073863,0.008126911265400966,0.0020049480991754607,0.001868250438068224,0.0059447665334055304,0.0034961061080309437,0.003914695641428806,0.011744086924286419,0.5969758771240167,0.00032437986728119095,0.03832437986728119,0.02869849189774976,0.053753861853674555,5.2558401199748195e-05,0.0003218568669229482,-0.004014429070300908
2027.8333333333333,0.16126007863959435,0.13143856308883226,0.3,0.5,0.00027461802309854144,0.0083402072623041,0.00012664293391698734,0.004106918940856304,0.5968794100611665,0.0034419196435407067,0.008656475067834436,0.006798206234514812,0.597820629883624,0.3641793701163759,0.0037105989549979707,0.5980857510957643,0.3635816876879934,0.01767941279012749,0.020653148426114307,0.0005501781084279456,0.001817812452844736,0.006195958569882075,0.014061711562734905,0.5983574706107371,-0.0013794811384192525,0.0015286007407546425,0.597989346899265,9.640419649936671e-05,0.0,0.0,0.005476033748070002,0.008156922614066059,0.02119044802256692,0.02365864860043598,0.0036477676761040583,0.0051621977931168486,0.20923521675242313,0.24745910873137372,0.0083402072623041,0.0020624385051214544,0.001922621587859521,0.0060944323672121065,0.003588743437023188,0.004016556710707846,0.012049670132123538,0.5968976230874916,0.00033256121624179735,0.038332561216241796,0.028711290970990497,0.053751368915391264,5.378191513899511e-05,0.0003290536872155747,-0.0041187811237567195
2027.9166666666667,0.16265638464810306,0.13365852486384192,0.3,0.5,0.00028517160092495706,0.00855848761202238,0.00012980827463031003,0.004213404794413691,0.5967988873114629,0.0035332191352609827,0.008882689888086739,0.00697349451999377,0.5977567879110179,0.36424321208898197,0.003808115038648229,0.5980278042368422,0.3636313046593493,0.01768597155795576,0.020654919545852215,0.0005625747609747656,0.0018606813163966063,0.006192464827011801,0.014062422934890441,0.5983060825196432,-0.0014119861658350651,0.0015745909258853177,0.5979292411879729,9.856304886934897e-05,0.0,0.0,0.005469043652532235,0.008160898545348629,0.021197307880750638,0.023661534710704694,0.0036439975874229813,0.005164326239139823,0.20901241902172218,0.24748274216887955,0.00855848761202238,0.0021212329694259174,0.0019782421711967728,0.006247523729863219,0.0036835061424059273,0.004120775572678213,0.012362326718034639,0.5968175609816596,0.000340891103807979,0.03834089110380798,0.02872433954417491,0.053748789950958234,5.502879827140594e-05,0.00033643534902480537,-0.004225578009874829
2028.0,0.16406049439473994,0.13591011414763368,0.3,0.5,0.00029598895714414954,0.008781846928405668,0.0001330470061632246,0.004322333051318309,0.5967165146257485,0.0036266225360613914,0.009114127009627602,0.007152821263024832,0.5976914635050915,0.36430853649490846,0.003907877503945168,0.5979685356809534,0.3636820937000033,0.017692650003189793,0.020656720615852886,0.000575290717278687,0.001904458582427715,0.006188911337674777,0.014063162934798503,0.5982534924089885,-0.0014452666828376449,0.0016216722820747548,0.5978677777908538,0.00010075789009966751,0.0,0.0,0.005461932954407917,0.00816497000708567,0.021204292507884782,0.02366447111639515,0.0036401598153190523,0.005166504705872542,0.20878584811570478,0.24750732122201344,0.008781846928405668,0.0021813558532237463,0.0020351360533924653,0.006404100902929578,0.0037804331543298455,0.00422739588525019,0.01268218765575057,0.5967356574670087,0.00034937061904267985,0.03834937061904268,0.02873764079106129,0.0537461215116224,5.6299300215167936e-05,0.00034400574780198183,-0.0043348665648819005
2028.0833333333333,0.16547237750935567,0.13819358298071438,0.3,0.5,0.0003070762076577516,0.009010380666470516,0.00013636048327618836,0.004433748043497872,0.596632258306663,0.003722168659726984,0.00935088301448896,0.007336260580796591,0.5976246288658356,0.36437537113416435,0.004009927696586783,0.5979079212462238,0.36373407786570405,0.017699449316908124,0.020658551571163402,0.0005883326936746425,0.001949156953156006,0.006185297668468724,0.014063932543411506,0.5981996772879772,-0.0014793369511927658,0.001669866767469138,0.597804932306788,0.00010298893943583298,0.0,0.0,0.005454700738464677,0.008169138863840138,0.021211403084005903,0.023667457955037784,0.0036362537286911043,0.005168734116069341,0.20855547917783562,0.24753287730137197,0.009010380666470516,0.0022428317085342185,0.0020933273341846195,0.0065642245978757615,0.003879563725959239,0.004336461658344887,0.013009384975034661,0.5966518789242012,0.00035800088807152325,0.03835800088807152,0.02875119786288037,0.05374336027573691,5.759366188909376e-05,0.00035176877787619686,-0.004446694122048005
2028.1666666666667,0.16689200222497985,0.14050917853885286,0.3,0.5,0.00031843958126410066,0.009244185116385105,0.00013975007137353638,0.004547694450052405,0.5965460843858779,0.0038198966528544777,0.00959305533391977,0.007523887216860481,0.5975562559265934,0.3644437440734066,0.004114307313996545,0.5978459365036717,0.3637872804469301,0.01770637065467978,0.020660412394717796,0.0006017074363197095,0.0019947891543596885,0.006181623422946904,0.014064732744244378,0.5981446138831967,-0.0015142113824290438,0.0017191965985518273,0.5977406801175914,0.00010525638608027688,0.0,0.0,0.005447346167675276,0.008173406991123133,0.021218640761781808,0.023670495406013358,0.0036322787360817746,0.005171015398689783,0.20832128965262803,0.24755944204815955,0.009244185116385105,0.002305685270425434,0.0021528403353716996,0.006727955927983482,0.003980937419339233,0.004448017245044867,0.0133440517351346,0.5965661914641486,0.0003667830493975788,0.03836678304939758,0.028765013872533173,0.05374050301097195,5.891211588565648e-05,0.0003597283457677801,-0.004561108500970339
2028.25,0.16831933537007127,0.1428571428571432,0.3,0.5,0.00033008542054522867,0.009483357391129568,0.00014321714632158935,0.004664217280910635,0.5964579586361718,0.003919845981811017,0.009840742217299251,0.007715776516121129,0.5974863163618108,0.36451368363818915,0.004221058391385988,0.5977825567953486,0.36384172497037837,0.017713415129234168,0.02066230310503813,0.0006154217380938132,0.0020413679073663094,0.006177888241362919,0.014065564528032736,0.598088278649428,-0.0015499045329064375,0.001769684249679054,0.5976749964040423,0.00010756039130632722,0.0,0.0,0.00543986847996919,0.00817777627659128,0.02122600665709065,0.02367358367700794,0.0036282342836801884,0.005173349488852221,0.20808325928657745,0.2475870474525086,0.009483357391129568,0.0023699414489045797,0.0022136995898730033,0.006895356379630581,0.004084594090874901,0.0045621073305801485,0.013686321991740445,0.596478560939147,0.00037571823427230006,0.0383757182342723,0.02877909188235046,0.05373754654394786,6.0254886564137244e-05,0.00036788838010515706,-0.004678157996083412
2028.3333333333333,0.16975434236122736,0.14523771254948672,0.3,0.5,0.00034202018273869446,0.00972799540842035,0.00014676309417225612,0.004783361859558681,0.5963678465841759,0.004022056419002195,0.010094042699278181,0.007912004398407736,0.5974147815952776,0.36458521840472236,0.004330223287042575,0.597717757250511,0.363897435198669,0.0177205838045648,0.020664223746254536,0.0006294824513873865,0.0020889059045721137,0.006174091800685595,0.014066428896437683,0.5980306477799211,-0.0015864310985660593,0.0018213524499575743,0.5976078561602871,0.00010990109022390726,0.0,0.0,0.005432266985738076,0.00818224862086345,0.021233501841428068,0.02367672299303055,0.0036241198538040378,0.0051757373277074425,0.207841370131506,0.24761572594605658,0.00972799540842035,0.0024356253204361367,0.0022759298303717903,0.007066487782061575,0.004190573876019229,0.004678776919313349,0.014036330757940047,0.596388952954646,0.0003848075508193355,0.038384807550819335,0.028793434894201657,0.05373448773585107,6.162219012489922e-05,0.0003762528390718225,-0.004797891364378044
2028.4166666666667,0.17119698719629264,0.1476511185235427,0.3,0.5,0.0003542504405863825,0.009978197868128695,0.00015038931081312186,0.004905173804913829,0.5962757135237886,0.004126568028380657,0.010353056565076289,0.008112647330592769,0.5973416228088744,0.3646583771911256,0.0044418446668259785,0.5976515128001505,0.3639544351285583,0.01772787769125844,0.020666174380032095,0.0006438964973004557,0.0021374157876568045,0.006170233814652327,0.014067326864944538,0.5979716972162542,-0.0016238059093812154,0.0018742241793267187,0.5975392342074212,0.00011227859272933127,0.0,0.0,0.005424541066597465,0.008186825937999595,0.021241127335863894,0.02367991358754603,0.003619934964139527,0.0051781798622343,0.20759560656647152,0.24764551047559993,0.009978197868128695,0.0025027621189994413,0.002339555979014986,0.007241412276504437,0.004298917173453136,0.0047980713200695396,0.014394213960208619,0.5962973328820427,0.0003940520712905349,0.038394052071290534,0.028808045841609856,0.05373132346297351,6.301423442639509e-05,0.0003848257156983354,-0.0049203578123082825
2028.5,0.1726472324479111,0.1500975856913803,0.3,0.5,0.00036678288315414266,0.010234064225712054,0.0001540972015528997,0.0050296990122978965,0.5961815245302726,0.004233421150194745,0.01061788431391444,0.008317782297239997,0.59726681095183,0.3647331890481699,0.004555965487855169,0.5975837981906323,0.36401274898789293,0.01773529774246303,0.020668155079010965,0.0006586708724891643,0.00218691012782557,0.0061663140341185144,0.014068259465169042,0.5979114026579406,-0.001662043923539894,0.0019283226636408186,0.5974691052062061,0.00011469298442623455,0.0,0.0,0.005416690174451142,0.008191510155730743,0.021248884105894893,0.02368315569522968,0.0036156791671834955,0.005180678044980297,0.2073459553183027,0.24767643455979038,0.010234064225712054,0.0025713772266548504,0.0024046031367833446,0.007420192284389671,0.004409664628632669,0.004920036129956316,0.014760108389868947,0.596203665872226,0.0004034528214739916,0.03840345282147399,0.028822927582912876,0.053728050601171376,6.443121887517167e-05,0.0003936110417396125,-0.005045606981873735
2028.5833333333333,0.17410503925756815,0.1525773326760843,0.3,0.5,0.0003796243166168843,0.01049569466179646,0.00015788818064475628,0.005156983633501112,0.5960852444750422,0.004342656384975744,0.010888627120562173,0.00852748676976586,0.5971903167505004,0.36480968324949964,0.004672628981381117,0.5975145879964712,0.3640724012314821,0.017742844850542238,0.020670165921503836,0.000673812653702921,0.0022374014075856596,0.006162332247385088,0.014069227746632634,0.5978497395718586,-0.0017011602213859408,0.0019836713687734872,0.5973974436695254,0.00011714432694576171,0.0,0.0,0.0054087138314376036,0.008196303215450902,0.021256773057197892,0.023686449546096017,0.0036113520502171017,0.00518323283374175,0.20709240549661093,0.247708532333561,0.01049569466179646,0.0026414961635898037,0.0024710965727614558,0.007602890473982856,0.0045228571164268785,0.005044717216710523,0.015134151650131569,0.5961079168698465,0.0004130107720460782,0.03841301077204608,0.028838082895544764,0.053724666013585956,6.587333411456342e-05,0.00040261289016410974,-0.005173688935859557
2028.6666666666667,0.17557036733006176,0.1550905715144043,0.3,0.5,0.00039278166500394734,0.010763190048816318,0.0001617636707629106,0.005287074055872834,0.5959868380411633,0.0044543145767711265,0.0111653867949705,0.008741838674082963,0.5971121107186759,0.36488788928132404,0.004791878634823191,0.5974438566327946,0.3641334165360347,0.01775051984398396,0.020672206987186068,0.0006893290009041264,0.002288902003610982,0.006158288280756922,0.014070232778153481,0.5977866832016239,-0.001741169999152217,0.0020402939936159273,0.5973242239745932,0.00011963265820147395,0.0,0.0,0.005400611630180448,0.00820120707203242,0.02126479503180559,0.02368979536066334,0.0036069532354722285,0.005185845191199526,0.20683494863180846,0.24774183858201418,0.010763190048816318,0.002713144577618909,0.0025390617134013883,0.007789569726423966,0.004638535723207778,0.005172160699826236,0.015516482099478708,0.5960100506284602,0.0004227268311700269,0.038422726831170026,0.028853514470729195,0.053721166540952645,6.734076173645076e-05,0.00041183537678899247,-0.005304654142221909
2028.75,0.177043174928447,0.15763750735572624,0.3,0.5,0.00040626197090085656,0.011036651914621708,0.0001657251024310273,0.005420016880530056,0.5958862697395524,0.0045684367955549235,0.011448265739941071,0.008960916356713181,0.5970321631684301,0.36496783683156986,0.004913758172965283,0.597371578367555,0.3641958197942679,0.017758323484577596,0.02067427835359896,0.0007052271590675119,0.0023414241703973993,0.006154181999149201,0.014071275648907564,0.5977222085769778,-0.0017820885624380263,0.0020982144633106014,0.5972494203752046,0.00012215799235038016,0.0,0.0,0.0053923832345240145,0.00820622369348108,0.021272950804689418,0.02369319334597715,0.003602482380593953,0.005188516084510761,0.20657357872139245,0.24777638876626787,0.011036651914621708,0.002786348233116897,0.0026085241314391856,0.007980293100418989,0.004756741728088429,0.005302412930436732,0.015907238791310195,0.5959100317264023,0.0004326018381765537,0.03843260183817655,0.028869224908605426,0.05371754899403984,6.883367390242423e-05,0.0004212826611198263,-0.005438553457595118
2028.8333333333333,0.17852341886950046,0.1602183381576682,0.3,0.5,0.00042007239610344216,0.011316182403374514,0.0001697739134079588,0.005555858899601845,0.5957835039258937,0.004685064318858087,0.011737366906839769,0.009184798549359004,0.5969504442215079,0.36504955577849213,0.005038311538302978,0.5972977273337559,0.36425963610827367,0.017766256464669204,0.020676380093300598,0.0007215144590938527,0.0023949800244520425,0.00615001330682563,0.014072357469237975,0.5976562905232703,-0.0018239313194712452,0.002157456921240093,0.5971730070139302,0.00012472031982568854,0.0,0.0,0.005384028380277996,0.008211355060462729,0.021281241080530304,0.023696643692294364,0.0035979391791237944,0.005191246484863845,0.20630829227364936,0.24781221904148723,0.011316182403374514,0.0028611329993868412,0.002679509534268735,0.0081751237957385,0.004877516583365478,0.00543552047004141,0.01630656141012423,0.5958078245833793,0.00044263655796979856,0.0384426365579698,0.02888521671347243,0.05371381014779681,7.035223302459537e-05,0.00043095894665520236,-0.005575438109924379
2028.9166666666667,0.18001105451964125,0.1628332543784311,0.3,0.5,0.0004342202222207721,0.01160188423383761,0.0001739115480325864,0.005694647072527914,0.5956785048182804,0.004804238612586054,0.012032793749309614,0.009413564331906201,0.5968669238212712,0.36513307617872887,0.005165582870528783,0.5972222775416404,0.36432489078220737,0.017774319404586923,0.020678512271564718,0.0007381983177275897,0.0024495815288190226,0.0061457821480954845,0.014073479371219506,0.5975889036710725,-0.001866713774120292,0.0022180457210397245,0.5970949579347811,0.00012731960685929966,0.0,0.0,0.005375546876696512,0.008216603165695419,0.021289666490752927,0.023700146570344496,0.003593323361418745,0.005194037366990053,0.20603908836775328,0.24784936627080797,0.01160188423383761,0.0029375248384657616,0.0027520437522516993,0.008374125115389664,0.005000901894121984,0.0055715300681049495,0.016714590204314848,0.5957033934778693,0.0004528316761516424,0.03845283167615164,0.028901492289299665,0.053709946736955526,7.189659124320902e-05,0.0004408684805906786,-0.005715359680189151
2029.0,0.18150603579135435,0.1654824386662332,0.3,0.5,0.0004487128512234876,0.011893860655476058,0.0001781394565349064,0.005836428501365843,0.5955712365155879,0.004926001311042528,0.012334650174984665,0.009647293093851657,0.5967815717452015,0.36521842825479844,0.005295616485150185,0.5971452028912988,0.3643916093143522,0.017782512849868908,0.020680674944479473,0.0007552862372433022,0.0025052404777818893,0.006141488508272146,0.01407464250909462,0.597520022466013,-0.001910451518671433,0.0022800054177903937,0.5970152470958626,0.0001299557954361763,0.0,0.0,0.005366938607540649,0.008221970013265517,0.02129822759043042,0.02370370212895719,0.003588634695342551,0.005196889708651779,0.20576596870264083,0.24788786803316434,0.011893860655476058,0.0030155497923710947,0.00282615272630164,0.008577360426989103,0.005126939397180517,0.005710488638646893,0.01713146591594068,0.5955967025652663,0.00046318779434838253,0.03846318779434838,0.028918053934901572,0.053705955452713575,7.346689011142327e-05,0.00045101555337965734,-0.00585837008322174
2029.0833333333333,0.1830083151401617,0.16816606554618088,0.3,0.5,0.00046355780593472984,0.012192215401846547,0.00018245909430449845,0.005981250405197898,0.5954616630165678,0.005050394196112001,0.012643040495174916,0.00988606449415155,0.5966943576179665,0.36530564238203345,0.005428456851241908,0.5970664771853146,0.36445981738859085,0.017790837268675225,0.02068286815741876,0.0007727858042523295,0.0025619684816509114,0.00613713241445263,0.014075848059518548,0.597449621178835,-0.00195516022634753,0.002343360759030554,0.5969338483826474,0.00013262880266717847,0.0,0.0,0.0053582035328590336,0.008227457617827266,0.021306924855436414,0.023707310493093547,0.0035838729873846455,0.0051998044900889015,0.20548893766224852,0.24792776262861876,0.012192215401846547,0.0030952339697644707,0.002901862494993908,0.008784893122128747,0.005255670938941644,0.005852443235676219,0.017557329707028654,0.5954877158966829,0.00047370542609398436,0.03847370542609398,0.02893490383939561,0.05370183294042581,7.506326002981734e-05,0.00046140449776375844,-0.006004521547603316
2029.1666666666667,0.18451784356207632,0.17088430110474903,0.3,0.5,0.0004787627304601047,0.01249705264227708,0.00018687192113335554,0.006129160093537392,0.5953497482396819,0.005177459175623509,0.01295806937250856,0.010129958419466753,0.5966052509250572,0.3653947490749427,0.005564148568316968,0.5969860741419821,0.364529540865318,0.01779929304893025,0.020685091943768906,0.000790704688511723,0.0026197769515288183,0.006132713936558077,0.014077097221726169,0.5973776739157576,-0.002000855643551902,0.0024081366754989363,0.596850735621343,0.00013533852063907226,0.0,0.0,0.0053493416902837074,0.008233068003744902,0.021315758679370963,0.02371097176208705,0.0035790380835108524,0.005202782693444277,0.20520800236860448,0.24796908907895304,0.01249705264227708,0.0031766035320716073,0.0029791991815075053,0.008996786575533218,0.005387138452802842,0.005997441027752758,0.017992323083258273,0.5953763974386809,0.0004843849926991564,0.038484384992699155,0.028952044077202223,0.05369757579801097,7.668581990138978e-05,0.00047203968780027236,-0.006153866594625749
2029.25,0.1860345705915852,0.17363730267225266,0.3,0.5,0.000494335390554551,0.012808476930801912,0.00019137940041554042,0.006280204938743737,0.595235456043681,0.005307238260928425,0.013279841766550672,0.010379054940809184,0.5965142210270011,0.36548577897299883,0.005702736342321812,0.5969039674086714,0.36460080577181003,0.017807880495607515,0.02068734632391042,0.0008090506410135534,0.0026786770839948293,0.006128233188180538,0.014078391217550536,0.5973041546291241,-0.0020475535818374733,0.0024743582713630356,0.5967658825929194,0.00013808481575194875,0.0,0.0,0.005340353196926836,0.008238803204133791,0.021324729370672285,0.023714686008163698,0.003574129870374824,0.0052058253021497825,0.2049231727487769,0.24801188712655645,0.012808476930801912,0.0032596846790909524,0.0030581889797484853,0.009213104101865257,0.005521383935366969,0.006145529271384475,0.018436587814153426,0.5952627110935635,0.0004952268195179341,0.03849522681951793,0.0289694766032564,0.053693180575069666,7.833467655787851e-05,0.0004829255374555187,-0.0063064580163109405
2029.3333333333333,0.18755844430020585,0.1764252185037122,0.3,0.5,0.0005102836739225127,0.013126593153297738,0.0001959829983196426,0.006434432347546137,0.5951187502489013,0.005439773543594662,0.013608462877345677,0.01063343426858709,0.5964212371741501,0.3655787628258499,0.005844264960754471,0.5968201305758157,0.36467363829207017,0.017816599827747016,0.020689631304366466,0.0008278314921627006,0.0027386798456761063,0.006123690327650758,0.014079731291388037,0.597229037128408,-0.002095269909593768,0.0025420508139714316,0.5966792630474275,0.00014086752838826655,0.0,0.0,0.005331238250977414,0.00824466525985352,0.021333837149489315,0.02371845327508346,0.0035691482763668867,0.005208933300292433,0.20463446159482482,0.24805619723028757,0.013126593153297738,0.003344503634000894,0.0031388581399685164,0.009433908911949361,0.005658449422053058,0.006296755283533459,0.018890265850600378,0.5951466207204871,0.0005062311321134827,0.03850623113211348,0.028987203247760447,0.053688643772493515,8.000992433734866e-05,0.0004940664992473153,-0.006462348852483396
2029.4166666666667,0.18908941129555065,0.17924818745833132,0.3,0.5,0.0005266155904491496,0.01345150647237217,0.00020068418292646395,0.006591889731548689,0.594999594659311,0.005575107171318196,0.013944038086922309,0.010893176706038635,0.5963262685220525,0.3656737314779475,0.005988779266902406,0.5967345371912283,0.3647480647561574,0.01782545117549994,0.020691946877113787,0.0008470551495217693,0.0027997959576500087,0.006119085558994359,0.014081118710068846,0.5971522950915734,-0.002144020543430458,0.0026112397234847582,0.5965908507187334,0.00014368647249485278,0.0,0.0,0.005321997133328904,0.008250656218425917,0.021343082144609282,0.023722273576948776,0.003564093272696255,0.005212107671949191,0.20434188462345043,0.2481020605585744,0.01345150647237217,0.0034310866278877373,0.003221232954019639,0.009659264067476674,0.005798376961824307,0.0064511664131032395,0.019353499239309718,0.5950280901573141,0.0005173980526137281,0.03851739805261373,0.029005225710956806,0.05368396184255319,8.171164461681646e-05,0.0005054670626253196,-0.006621592366881399
2029.5,0.19062741672094374,0.18210633867802012,0.3,0.5,0.0005433392723596882,0.013783322270177503,0.00020548442333476636,0.006752624476771417,0.5948779530852937,0.005713281323015546,0.014286672898746636,0.01115836260105902,0.5962292841474093,0.3657707158525907,0.006136324133202216,0.5966471607748445,0.36482411162900724,0.017834434577115008,0.02069429301903263,0.0008667295953037613,0.0028620358796784817,0.006114419132883256,0.014082554762640857,0.5970739020768048,-0.0021938214392685507,0.00268195056179379,0.5965006193398623,0.00014654143498216143,0.0,0.0,0.005312630209480587,0.008256778132882716,0.021352464390350556,0.02372614689714218,0.0035589648746435602,0.005215349400491237,0.20404546054251682,0.24814951898134627,0.013783322270177503,0.0035194598837469957,0.0033053397402505917,0.009889232434485062,0.005941208591113195,0.006608810011462082,0.019826430034386246,0.5949070832432369,0.0005287275961476379,0.03852872759614764,0.029023545557780125,0.05367913118940597,8.343990526124556e-05,0.0005171317521975191,-0.006784242022304113
2029.5833333333333,0.19217240425563561,0.18499979126541816,0.3,0.5,0.000560462974304252,0.01412214608909853,0.00021038518873420947,0.006916683912281769,0.5947537893671497,0.00585433818307434,0.014636472875122774,0.011429072296433479,0.5961302530646115,0.3658697469353884,0.006286944433729306,0.5965579748340659,0.3649018054987512,0.017843549975734372,0.020696669691447945,0.0008868628838955006,0.002925409794253042,0.006109691347696572,0.014084040760117076,0.5969938315346456,-0.002244688583094896,0.0027542090216773887,0.5964085426586401,0.00014943217542584541,0.0,0.0,0.005303137931081565,0.008263033060570277,0.02136198382328052,0.023730073187322787,0.003553763142620019,0.005218659467868359,0.20374521110864005,0.24819861505918597,0.01412214608909853,0.003609649599979444,0.003391204827339054,0.010123876635463472,0.006086986306896991,0.006769733401993109,0.020309200205979327,0.5947835638420153,0.0005402196671823178,0.03854021966718232,0.029042164212170835,0.05367414816990438,8.519476020335537e-05,0.0005290651259721991,-0.0069503514547945835
2029.6666666666667,0.19372431611554736,0.1879286539616801,0.3,0.5,0.0005779950733654361,0.01446808357048999,0.00021538794744837484,0.0070841152778803,0.5946270673993272,0.005998319914784639,0.014993543572543356,0.011705386078468319,0.5960291442428667,0.36597085575713334,0.006440685015820224,0.5964669528794428,0.3649811730645348,0.017852797216243887,0.020699076839777862,0.0009074631389737187,0.00298992759044725,0.0061049025504392035,0.014085578035135942,0.5969120568205319,-0.002296637981408321,0.002828040914973708,0.5963145944538814,0.00015235842556149404,0.0,0.0,0.005293520837659262,0.008269423061881843,0.021371640279006125,0.023734052366539322,0.0035484881833489127,0.0052220388538614,0.2034411611885134,0.2482493920308449,0.01446808357048999,0.0037016819333763173,0.003478854538316842,0.010363259000433937,0.006235752039050593,0.006933983848725802,0.020801951546177404,0.5946574958660977,0.0005518740560217505,0.03855187405602175,0.029061082951448537,0.05366900909474443,8.697624892139988e-05,0.0005412717733540684,-0.007119974446846839
2029.75,0.19528309305458905,0.19089302482450757,0.3,0.5,0.000595944068986134,0.014821240391221726,0.0002204941659436976,0.007254965690785867,0.594497751155387,0.0061452686330144245,0.01535799047503805,0.011987384124037772,0.5959259266239083,0.3660740733760916,0.00659759067083052,0.5963740684409055,0.3650622411238402,0.017862176041994582,0.020701514393259228,0.0009285385505632959,0.003055598847580221,0.006100053137719902,0.01408716794157042,0.5968285512077453,-0.0023496856513387817,0.0029034721606354657,0.5962187485520244,0.00015531988888106696,0.0,0.0,0.0052837795582488965,0.008275950198938007,0.02138143348884865,0.023738084320398308,0.0035431401510029295,0.0052254885353104664,0.20313333881776824,0.24830189379894035,0.014821240391221726,0.003795582981675643,0.0035683151735737845,0.010607441516485107,0.006387547621821825,0.007101608523985305,0.021304825571955916,0.5945288433013344,0.0005636904352538108,0.03856369043525381,0.029080302900445096,0.053663710229878266,8.87843959588297e-05,0.0005537563131036542,-0.007293164899640259
2029.8333333333333,0.1968486743665971,0.19389299090693346,0.3,0.5,0.0006143185828147755,0.015181722198245548,0.00022570530780791683,0.0074292821114840995,0.5943658047136592,0.006295226376031399,0.015729918925489417,0.012275146446066329,0.5958205691402891,0.36617943085971083,0.006757706104046496,0.5962792950844606,0.3651450365593131,0.017871686091481202,0.020703982264744555,0.0009500973719135386,0.003122432818696508,0.006095143556690063,0.014088811854080152,0.5967432879007871,-0.0024038476104285117,0.0029805287724547725,0.5961209788441538,0.00015831624030682168,0.0,0.0,0.005273914812870223,0.008282616534212146,0.021391363076487778,0.02374216890029636,0.0035377192482684947,0.005229009485317774,0.20282177525531878,0.24835616491336399,0.015181722198245548,0.003891378765602887,0.0036596129934822986,0.010856485776174117,0.006542414764532762,0.007272654475132187,0.02181796342539656,0.5943975702324252,0.0005756683562257586,0.03857566835622576,0.02909982502553607,0.0536582477981765,9.061921046782384e-05,0.0005665233911862034,-0.0074699768042996925
2029.9166666666667,0.1984209978878205,0.1969286279371623,0.3,0.5,0.0006331273584654352,0.015549634541202924,0.0002310228326981938,0.007607111308620916,0.594231192283615,0.006448235076564748,0.01610943405496347,0.012568752837448379,0.5957130407342548,0.3662869592657451,0.0069210759037529,0.5961826064293074,0.3652295863250955,0.017881326895022937,0.020706480350573674,0.0009721479161042268,0.0031904384138747854,0.006090174305910506,0.014090511167591952,0.5966562400491756,-0.002459139866066563,0.0030592368465193875,0.5960212593035535,0.00016134712575388566,0.0,0.0,0.005263927414107919,0.008289424129092783,0.02140142855462046,0.023746305922727574,0.003532225727485063,0.00523260267242181,0.20250650503970738,0.24841225055327898,0.015549634541202924,0.003989095210498185,0.003752774200857071,0.01111045292482507,0.006700395021575367,0.007447168590401815,0.022341505771205444,0.5942636408691465,0.0005878072455966152,0.038587807245596614,0.029119650128643117,0.053652617981347864,9.248068569728263e-05,0.0005795776784578376,-0.007650464212183358
2030.0,0.1999999999999999,0.20000000000000046,0.3,0.5,0.0006523792611902847,0.015925082803066332,0.00023644819525875976,0.0077884998229956195,0.5940938782329326,0.006604336532098598,0.016496640710076914,0.012868282813432474,0.5956033103771975,0.3663966896228025,0.007087744509471244,0.5960839761654859,0.36531591743266856,0.017891097871345844,0.020709008530499166,0.0009946985525897123,0.003259624183367338,0.006085145936250135,0.014092267296736117,0.596567380761677,-0.0025155784045973162,0.0031396225478805308,0.5959195640037308,0.00016441216175511197,0.0,0.0,0.005253818268627057,0.008296375042398534,0.021411629321530703,0.02375049516862796,0.003526659891760377,0.00523626905974898,0.20218756604370985,0.24847019650767002,0.015925082803066332,0.004088758127501283,0.003847824922777684,0.011369403606676752,0.006861529761661053,0.007625197563852452,0.022875592691557357,0.5941270195732397,0.0006001064018450117,0.03860010640184501,0.029139778841042293,0.053646816922063474,9.436879850116542e-05,0.0005929238683137294,-0.007834681204194277
